name,state_name,early_career_pay,mid_career_pay
Auburn University,Alabama,54400,104500
University of Alabama in Huntsville,Alabama,57500,103900
The University of Alabama,Alabama,52300,97400
Tuskegee University,Alabama,54500,93500
Samford University,Alabama,48400,90500
Spring Hill College,Alabama,46600,89100
Birmingham Southern College,Alabama,49100,88300
University of Alabama at Birmingham,Alabama,48600,87200
University of South Alabama,Alabama,47700,86400
Alabama A&M University,Alabama,48700,83500
Troy University,Alabama,44500,81500
Jacksonville State University,Alabama,43800,80000
Auburn University at Montgomery,Alabama,45000,79600
Huntingdon College,Alabama,42400,78900
Oakwood University,Alabama,43500,78800
Athens State University,Alabama,45000,78800
University of West Alabama,Alabama,42700,76100
University of North Alabama,Alabama,43000,75600
University of Mobile,Alabama,40600,74100
Alabama State University,Alabama,39800,71500
Faulkner University,Alabama,39400,71300
University of Montevallo,Alabama,38900,70700
Judson College,Alabama,37900,67600
Amridge University,Alabama,35700,65900
Miles College,Alabama,34800,65100
University of Alaska Fairbanks,Alaska,59100,101800
University of Alaska Anchorage,Alaska,56000,101000
Alaska Pacific University,Alaska,50300,90000
Embry-Riddle Aeronautical University-Prescott,Arizona,65600,117900
University of Arizona,Arizona,56100,101000
Arizona State University-Tempe,Arizona,54500,100900
Northern Arizona University,Arizona,49600,90000
Arizona Christian University,Arizona,42600,76600
Ottawa University-Phoenix,Arizona,42000,74600
Prescott College,Arizona,41200,73500
University of Arkansas,Arkansas,52500,98000
Hendrix College,Arkansas,48100,90300
University of Arkansas for Medical Sciences,Arkansas,51700,89100
Harding University,Arkansas,49200,88600
John Brown University,Arkansas,47000,82700
Arkansas State University-Main Campus,Arkansas,44600,81400
University of Arkansas at Little Rock,Arkansas,45600,80800
Ouachita Baptist University,Arkansas,44100,80200
Southern Arkansas University Main Campus,Arkansas,42800,80100
Henderson State University,Arkansas,42900,79800
University of Central Arkansas,Arkansas,44900,79800
University of Arkansas at Monticello,Arkansas,43500,78300
Arkansas Tech University,Arkansas,45000,76900
University of the Ozarks,Arkansas,42300,74500
Lyon College,Arkansas,41200,74300
University of Arkansas-Fort Smith,Arkansas,40700,71100
University of Arkansas at Pine Bluff,Arkansas,40500,70500
Central Baptist College,Arkansas,36900,68000
Philander Smith College,Arkansas,34600,61200
Harvey Mudd College,California,88800,158200
Samuel Merritt University,California,91200,154100
California Institute of Technology,California,84100,151600
Stanford University,California,79000,145200
Charles R Drew University of Medicine and Science,California,78300,135700
Santa Clara University,California,69900,134700
University of California-Berkeley,California,70700,131800
California State University Maritime Academy,California,70500,129600
Claremont McKenna College,California,68500,125400
University of California-San Diego,California,63400,123700
University of Southern California,California,64500,120600
California Polytechnic State University-San Luis Obispo,California,65600,119500
Pomona College,California,63800,117200
University of California-Santa Barbara,California,59700,116300
University of California-Los Angeles,California,62000,116100
University of California-Irvine,California,59600,116000
San Jose State University,California,63000,114700
Loyola Marymount University,California,58500,113300
University of California-Davis,California,61500,112600
Menlo College,California,61900,112400
California State Polytechnic University-Pomona,California,57700,110800
Saint Mary's College of California,California,59900,110800
University of San Francisco,California,60600,109900
Golden Gate University-San Francisco,California,59200,109800
University of San Diego,California,58900,109400
Colorado School of Mines,Colorado,75600,139600
United States Air Force Academy,Colorado,76300,138100
University of Colorado Boulder,Colorado,57800,109900
University of Denver,Colorado,55700,105100
Colorado College,Colorado,53100,97900
Colorado State University-Fort Collins,Colorado,53500,96100
University of Colorado Denver/Anschutz Medical Campus,Colorado,53200,95600
Regis University,Colorado,55500,94800
University of Colorado Colorado Springs,Colorado,52200,90900
Colorado State University-Pueblo,Colorado,48100,87600
Metropolitan State University of Denver,Colorado,49400,87200
University of Northern Colorado,Colorado,47700,87100
Fort Lewis College,Colorado,48300,82600
Western State Colorado University,Colorado,44800,81500
Colorado Mesa University,Colorado,47800,81500
Adams State University,Colorado,44400,81400
Colorado Christian University,Colorado,46800,80100
Johnson & Wales University-Denver,Colorado,41500,74800
Nazarene Bible College,Colorado,33600,60100
Yale University,Connecticut,70300,138300
United States Coast Guard Academy,Connecticut,67300,118100
Wesleyan University,Connecticut,61600,117000
Fairfield University,Connecticut,62300,116900
Trinity College,Connecticut,60100,110900
University of Connecticut,Connecticut,59100,105200
University of Hartford,Connecticut,55200,101600
Connecticut College,Connecticut,57500,100800
Sacred Heart University,Connecticut,55000,100500
Quinnipiac University,Connecticut,55900,97700
University of New Haven,Connecticut,52100,94800
Central Connecticut State University,Connecticut,53100,93700
University of Bridgeport,Connecticut,49900,93600
University of Saint Joseph,Connecticut,49900,88800
Western Connecticut State University,Connecticut,51700,88100
St Vincent's College,Connecticut,46800,87900
Eastern Connecticut State University,Connecticut,49200,87800
Charter Oak State College,Connecticut,49200,85900
Albertus Magnus College,Connecticut,49700,85900
Southern Connecticut State University,Connecticut,48500,83600
University of Delaware,Delaware,58600,105400
Goldey-Beacom College,Delaware,49800,86900
Delaware State University,Delaware,46300,81900
Wesley College,Delaware,45400,77300
Wilmington University,Delaware,45100,76600
Embry-Riddle Aeronautical University-Daytona Beach,Florida,63300,111200
Polytechnic University of Puerto Rico-Miami,Florida,60600,108300
Florida Institute of Technology,Florida,58300,105400
University of Florida,Florida,55800,102800
Polytechnic University of Puerto Rico-Orlando,Florida,57600,102200
University of Miami,Florida,56200,99600
Embry-Riddle Aeronautical University-Worldwide,Florida,55800,96800
Florida State University,Florida,50800,92700
The University of Tampa,Florida,49200,91500
University of South Florida-Main Campus,Florida,49700,91300
Florida Atlantic University,Florida,49400,91200
Jacksonville University,Florida,50100,90400
Florida International University,Florida,49600,90100
Adventist University of Health Sciences,Florida,51600,89800
Nova Southeastern University,Florida,50200,89800
University of Central Florida,Florida,49700,88600
Eckerd College,Florida,49200,88400
Rollins College,Florida,49000,87000
University of North Florida,Florida,48800,86600
New College of Florida,Florida,47300,86500
Stetson University,Florida,47000,86000
Lynn University,Florida,46100,85000
St Thomas University,Florida,47400,84500
Barry University,Florida,47400,84400
Florida Agricultural and Mechanical University,Florida,48000,83900
Georgia Institute of Technology-Main Campus,Georgia,72700,133400
Emory University,Georgia,62000,110800
University of Georgia,Georgia,54400,100700
Morehouse College,Georgia,55700,98700
Kennesaw State University,Georgia,52500,94600
Oglethorpe University,Georgia,52400,91400
Georgia State University,Georgia,50600,90800
Georgia Southern University,Georgia,49000,88000
University of North Georgia,Georgia,47300,85600
Spelman College,Georgia,50200,85400
Mercer University,Georgia,48500,85100
Berry College,Georgia,44900,84900
Augusta University,Georgia,47000,84400
Agnes Scott College,Georgia,46000,83600
University of West Georgia,Georgia,46700,82700
Armstrong State University,Georgia,46600,81500
Clayton  State University,Georgia,46400,81200
Clark Atlanta University,Georgia,46300,81100
Valdosta State University,Georgia,43400,81000
Georgia College & State University,Georgia,45300,80300
Savannah College of Art and Design,Georgia,46800,80100
Shorter University,Georgia,45600,79900
Middle Georgia State University,Georgia,44000,79800
Covenant College,Georgia,44400,79400
Columbus State University,Georgia,43300,77900
Brigham Young University-Hawaii,Hawaii,51700,93900
Hawaii Pacific University,Hawaii,52200,93500
University of Hawaii at Manoa,Hawaii,51600,91600
Chaminade University of Honolulu,Hawaii,45400,84000
University of Hawaii at Hilo,Hawaii,44000,77200
University of Hawaii-West Oahu,Hawaii,41300,74300
University of Idaho,Idaho,52300,97700
Brigham Young University-Idaho,Idaho,53700,93500
Idaho State University,Idaho,50800,91800
Boise State University,Idaho,50100,86400
The College of Idaho,Idaho,44700,82100
Northwest Nazarene University,Idaho,46200,80600
Lewis-Clark State College,Idaho,44900,77600
Illinois Institute of Technology,Illinois,64600,118500
Northwestern University,Illinois,63400,115400
University of Illinois at Urbana-Champaign,Illinois,62600,115300
University of Chicago,Illinois,64000,114200
Rush University,Illinois,63500,107600
Bradley University,Illinois,55600,104900
University of Illinois at Chicago,Illinois,56300,103800
DePaul University,Illinois,55700,102900
Lake Forest College,Illinois,55400,102600
St. John's College-Department of Nursing,Illinois,55100,100000
Wheaton College (Illinois),Illinois,53700,99700
Illinois Wesleyan University,Illinois,53100,96000
Loyola University Chicago,Illinois,53400,96000
Northern Illinois University,Illinois,53000,95500
Knox College,Illinois,50600,95400
Illinois State University,Illinois,51200,95000
Principia College,Illinois,52600,94900
Lakeview College of Nursing,Illinois,55000,94100
North Central College,Illinois,50400,92900
Saint Xavier University,Illinois,49400,91200
Southern Illinois University-Carbondale,Illinois,49700,90900
Saint Francis Medical Center College of Nursing,Illinois,52800,90800
Methodist College,Illinois,51400,90500
Southern Illinois University-Edwardsville,Illinois,51400,90100
Lewis University,Illinois,49700,89800
Rose-Hulman Institute of Technology,Indiana,75000,135800
University of Notre Dame,Indiana,67000,130500
Wabash College,Indiana,62200,114400
Purdue University-Main Campus,Indiana,60900,110000
DePauw University,Indiana,56600,101000
Trine University,Indiana,55100,100300
Butler University,Indiana,51800,99300
Valparaiso University,Indiana,53300,98000
Indiana University-Bloomington,Indiana,53600,97100
Taylor University,Indiana,48700,90600
University of Evansville,Indiana,50300,89900
Saint Mary's College,Indiana,49700,89300
Earlham College,Indiana,49100,88400
Indiana University-Purdue University-Indianapolis,Indiana,50500,88200
Holy Cross College,Indiana,48100,87800
Franklin College,Indiana,48900,86200
Indiana State University,Indiana,47900,85600
Hanover College,Indiana,47500,85100
Indiana Institute of Technology,Indiana,50000,84900
Manchester University,Indiana,46900,84700
University of Indianapolis,Indiana,47300,84500
Ball State University,Indiana,45600,83700
University of Saint Francis-Fort Wayne,Indiana,45700,83700
Indiana University-Purdue University-Fort Wayne,Indiana,47300,83200
Marian University (Indiana),Indiana,48400,82000
Iowa State University,Iowa,56100,101300
Drake University,Iowa,52800,99900
University of Iowa,Iowa,54100,99400
Grinnell College,Iowa,53400,96500
Allen College,Iowa,51600,91300
Cornell College,Iowa,49600,90600
Loras College,Iowa,48000,90100
Dordt College,Iowa,51000,89600
Central College,Iowa,49000,88800
Graceland University-Lamoni,Iowa,48300,88700
Simpson College,Iowa,49900,88600
Wartburg College,Iowa,49300,88000
Coe College,Iowa,47200,86900
Luther College,Iowa,48200,85900
University of Northern Iowa,Iowa,47100,85300
Maharishi University of Management,Iowa,46800,85200
Saint Ambrose University,Iowa,46900,84400
Northwestern College,Iowa,44800,82400
Morningside College,Iowa,44900,82100
Clarke University,Iowa,44900,80200
University of Dubuque,Iowa,44200,79700
Mount Mercy University,Iowa,47200,79000
William Penn University,Iowa,43900,78300
Upper Iowa University,Iowa,44200,78000
Iowa Wesleyan University,Iowa,42600,77200
University of Kansas,Kansas,53000,98600
Kansas State University,Kansas,52500,97200
Benedictine College,Kansas,48700,91800
Ottawa University-Ottawa,Kansas,49800,89900
University of Saint Mary,Kansas,49500,89700
Newman University,Kansas,48000,88500
Wichita State University,Kansas,48700,87300
Ottawa University-Online,Kansas,47300,84900
Pittsburg State University,Kansas,47100,84900
Baker University,Kansas,47800,84200
Southwestern College (Kansas),Kansas,48500,83500
Washburn University,Kansas,47000,83000
Ottawa University-Kansas City,Kansas,45200,82600
McPherson College,Kansas,44500,80900
Kansas Wesleyan University,Kansas,44700,79400
Fort Hays State University,Kansas,45100,79300
Sterling College,Kansas,42700,79100
MidAmerica Nazarene University,Kansas,46200,78500
Emporia State University,Kansas,43500,78000
Tabor College,Kansas,43300,77500
Friends University,Kansas,44700,76500
Bethel College-North Newton,Kansas,42700,73800
Bethany College (Kansas),Kansas,39100,73200
Manhattan Christian College,Kansas,39400,72200
Central Christian College of Kansas,Kansas,37100,66100
University of Kentucky,Kentucky,51700,96400
Thomas More College,Kentucky,50000,90900
Bellarmine University,Kentucky,49000,90700
Centre College,Kentucky,49500,88500
University of Louisville,Kentucky,49500,87600
Northern Kentucky University,Kentucky,49000,87400
Transylvania University,Kentucky,47900,85600
Western Kentucky University,Kentucky,45500,83100
Georgetown College,Kentucky,45000,81900
Brescia University,Kentucky,44300,81200
Eastern Kentucky University,Kentucky,45600,80700
Murray State University,Kentucky,44800,79900
Spalding University,Kentucky,44800,79200
Kentucky Wesleyan College,Kentucky,42100,76800
Union College (Kentucky),Kentucky,40400,76000
Morehead State University,Kentucky,41300,74900
University of the Cumberlands,Kentucky,39800,73800
Kentucky State University,Kentucky,40700,73100
Berea College,Kentucky,39500,71600
Asbury University,Kentucky,39400,70800
University of Pikeville,Kentucky,39000,70700
Kentucky Christian University,Kentucky,39600,70300
Midway University,Kentucky,39200,70300
Campbellsville University,Kentucky,37600,66800
Lindsey Wilson College,Kentucky,35300,64100
Tulane University of Louisiana,Louisiana,56800,105300
Louisiana State University and Agricultural & Mechanical College,Louisiana,54800,102900
Louisiana Tech University,Louisiana,53100,100700
Louisiana State University Health Sciences Center-New Orleans,Louisiana,52300,94200
University of Louisiana at Monroe,Louisiana,48500,92500
University of Louisiana at Lafayette,Louisiana,48200,92500
University of New Orleans,Louisiana,49900,91600
Franciscan Missionaries of Our Lady University,Louisiana,51200,90900
Loyola University New Orleans,Louisiana,47900,88600
Centenary College of Louisiana,Louisiana,47000,88400
McNeese State University,Louisiana,50200,88200
Xavier University of Louisiana,Louisiana,46700,88200
University of Holy Cross,Louisiana,48400,86300
Nicholls State University,Louisiana,44500,84300
Southeastern Louisiana University,Louisiana,46700,83900
Southern University and A&M College,Louisiana,48000,83100
Louisiana College,Louisiana,44800,79800
Louisiana State University-Shreveport,Louisiana,44500,79800
Dillard University,Louisiana,44700,79800
Northwestern State University of Louisiana,Louisiana,44300,79300
Grambling State University,Louisiana,43100,73100
Southern University at New Orleans,Louisiana,40100,71000
New Orleans Baptist Theological Seminary,Louisiana,33900,61500
Maine Maritime Academy,Maine,67000,121800
Bowdoin College,Maine,61300,112000
Bates College,Maine,59500,111900
Colby College,Maine,59200,103300
University of Maine,Maine,52000,95000
University of New England,Maine,50100,91500
Saint Joseph's College of Maine,Maine,46900,84300
Thomas College,Maine,46100,81500
University of Southern Maine,Maine,46900,81300
Husson University,Maine,43300,77600
University of Maine at Fort Kent,Maine,43500,76300
University of Maine at Augusta,Maine,41600,73100
University of Maine at Farmington,Maine,41100,71700
University of Maine at Presque Isle,Maine,39000,70700
Unity College,Maine,38200,69500
University of Maine at Machias,Maine,37100,66200
Maine College of Art,Maine,36300,64600
United States Naval Academy,Maryland,80100,152800
Capitol Technology University,Maryland,67400,118400
Johns Hopkins University,Maryland,67200,117100
University of Maryland-College Park,Maryland,61300,113400
Loyola University Maryland,Maryland,59900,111200
University of Maryland-Baltimore County,Maryland,58100,103600
St. John's College,Maryland,55900,101200
"University of Maryland, Baltimore",Maryland,57300,99600
University of Maryland-University College,Maryland,55300,99600
Washington Adventist University,Maryland,55600,97600
St Mary's College of Maryland,Maryland,53300,95400
McDaniel College,Maryland,51100,94600
Mount St. Mary's University,Maryland,50200,94100
Washington College,Maryland,52800,93500
Stevenson University,Maryland,50400,91600
Towson University,Maryland,51200,91200
Goucher College,Maryland,49400,90600
Bowie State University,Maryland,50300,89900
Salisbury University,Maryland,50400,89800
University of Baltimore,Maryland,51000,89600
Frostburg State University,Maryland,49600,87000
University of Maryland Eastern Shore,Maryland,48300,86700
Notre Dame of Maryland University,Maryland,48300,86400
Maryland Institute College of Art,Maryland,49000,84500
Hood College,Maryland,47900,82600
Massachusetts Institute of Technology,Massachusetts,86300,155200
Harvard University,Massachusetts,74800,146800
Worcester Polytechnic Institute,Massachusetts,73600,135500
Babson College,Massachusetts,72000,133800
Williams College,Massachusetts,67500,127500
MCPHS University,Massachusetts,65900,121800
Tufts University,Massachusetts,65200,118100
Massachusetts Maritime Academy,Massachusetts,67900,117500
Bentley University,Massachusetts,66600,116600
Amherst College,Massachusetts,63800,116500
Boston College,Massachusetts,63600,115400
College of the Holy Cross,Massachusetts,61800,114600
Boston University,Massachusetts,61400,113600
Brandeis University,Massachusetts,60600,113200
Wentworth Institute of Technology,Massachusetts,62700,112700
Northeastern University,Massachusetts,62500,109700
University of Massachusetts-Lowell,Massachusetts,58800,109300
Wellesley College,Massachusetts,58900,106200
Stonehill College,Massachusetts,55900,103200
Western New England University,Massachusetts,56400,103000
University of Massachusetts-Amherst,Massachusetts,57400,103000
Merrimack College,Massachusetts,56000,102500
Clark University,Massachusetts,52600,101400
Smith College,Massachusetts,52700,98200
Wheaton College (Massachusetts),Massachusetts,52600,97500
Kettering University,Michigan,69900,125000
Michigan Technological University,Michigan,65000,116300
University of Michigan-Ann Arbor,Michigan,63500,112200
Lawrence Technological University,Michigan,57900,108400
Michigan State University,Michigan,55300,100800
University of Michigan-Dearborn,Michigan,55700,99500
Albion College,Michigan,52100,99300
Kalamazoo College,Michigan,51600,94500
Oakland University,Michigan,51300,93300
University of Detroit Mercy,Michigan,51800,92800
Western Michigan University,Michigan,50900,92200
Wayne State University,Michigan,50800,91700
Calvin College,Michigan,50200,91100
Hope College,Michigan,49200,90900
Alma College,Michigan,48400,89900
College for Creative Studies,Michigan,51200,89800
Ferris State University,Michigan,50000,89300
Eastern Michigan University,Michigan,47300,86700
Northwood University,Michigan,47800,86300
Walsh College of Accountancy and Business Administration,Michigan,49400,85200
Andrews University,Michigan,47600,85000
Cleary University,Michigan,47400,84700
Central Michigan University,Michigan,47700,83600
Lake Superior State University,Michigan,45900,83500
Saginaw Valley State University,Michigan,46400,82200
Carleton College,Minnesota,58800,109900
Saint Johns University,Minnesota,59400,108400
University of St Thomas (Minnesota),Minnesota,57500,106400
University of Minnesota-Twin Cities,Minnesota,57200,104000
St Olaf College,Minnesota,54100,101900
Macalester College,Minnesota,53600,100400
Gustavus Adolphus College,Minnesota,51200,96800
Dunwoody College of Technology,Minnesota,53400,96600
University of Minnesota-Duluth,Minnesota,53200,95700
Saint Mary's University of Minnesota,Minnesota,53000,93700
Saint Cloud State University,Minnesota,51600,91600
Augsburg University,Minnesota,50500,91000
Minnesota State University-Mankato,Minnesota,51600,90900
Hamline University,Minnesota,48100,90400
College of Saint Benedict,Minnesota,49100,88600
Concordia University-Saint Paul,Minnesota,49200,86800
Winona State University,Minnesota,49700,86800
The College of Saint Scholastica,Minnesota,51200,86800
University of Minnesota-Crookston,Minnesota,49200,86400
Metropolitan State University,Minnesota,50200,85900
Bethel University (Minnesota),Minnesota,51000,85700
University of Minnesota-Morris,Minnesota,46100,85300
Concordia College at Moorhead,Minnesota,46800,85200
Minneapolis College of Art and Design,Minnesota,47400,84700
St Catherine University,Minnesota,48800,82600
Mississippi State University,Mississippi,51100,94100
University of Mississippi,Mississippi,48500,89100
Millsaps College,Mississippi,49300,88700
University of Southern Mississippi,Mississippi,45100,83900
Mississippi College,Mississippi,45200,79500
Jackson State University,Mississippi,41700,74600
Belhaven University,Mississippi,41200,74300
Delta State University,Mississippi,40800,74200
William Carey University,Mississippi,41100,71800
Alcorn State University,Mississippi,40900,69500
Mississippi University for Women,Mississippi,39500,69500
Tougaloo College,Mississippi,36900,66400
Rust College,Mississippi,34800,62400
Mississippi Valley State University,Mississippi,32500,61900
Missouri University of Science and Technology,Missouri,67300,122600
Washington University in St Louis,Missouri,64800,114900
University of Missouri-Columbia,Missouri,52300,98600
Saint Louis University,Missouri,54200,95300
Barnes-Jewish College Goldfarb School of Nursing,Missouri,55000,95200
William Jewell College,Missouri,51400,94500
Rockhurst University,Missouri,54000,92500
Westminster College (Missouri),Missouri,49400,91600
University of Missouri-Kansas City,Missouri,50800,89600
University of Missouri-St Louis,Missouri,48700,87500
Missouri State University-Springfield,Missouri,45900,86800
Truman State University,Missouri,47900,85800
Northwest Missouri State University,Missouri,46900,85100
Park University,Missouri,48500,85000
Webster University,Missouri,46500,83500
University of Central Missouri,Missouri,46900,83300
Avila University,Missouri,45900,81200
Maryville University of Saint Louis,Missouri,46800,80100
Drury University,Missouri,42600,79400
Southeast Missouri State University,Missouri,43700,79100
Lindenwood University,Missouri,45100,78500
Kansas City Art Institute,Missouri,42500,77700
Missouri Western State University,Missouri,43400,77700
Stephens College,Missouri,42800,77200
Columbia College (Missouri),Missouri,44100,76600
Montana Tech of the University of Montana,Montana,61200,112600
Montana State University,Montana,53700,96200
Carroll College,Montana,48200,91400
The University of Montana,Montana,46500,87800
Rocky Mountain College,Montana,46000,82900
University of Providence,Montana,44700,81900
Montana State University-Billings,Montana,43300,77700
Montana State University-Northern,Montana,43400,75400
The University of Montana-Western,Montana,35400,63700
University of Nebraska-Lincoln,Nebraska,51500,96700
Creighton University,Nebraska,53500,95800
University of Nebraska Medical Center,Nebraska,53400,93000
Clarkson College,Nebraska,50900,91500
Nebraska Methodist College of Nursing & Allied Health,Nebraska,51300,89800
University of Nebraska at Omaha,Nebraska,49400,89500
Union College (Nebraska),Nebraska,49100,87800
Hastings College,Nebraska,48600,87100
Doane University-Arts & Sciences,Nebraska,47300,85300
Bellevue University,Nebraska,49400,84800
University of Nebraska at Kearney,Nebraska,44300,80800
Nebraska Wesleyan University,Nebraska,45700,80500
Midland University,Nebraska,43800,78100
College of Saint Mary,Nebraska,43900,77700
Doane University-Graduate and Professional Studies,Nebraska,43200,77000
Chadron State College,Nebraska,42300,76700
Peru State College,Nebraska,42600,74800
Wayne State College,Nebraska,40600,73400
Concordia University-Nebraska,Nebraska,39700,68900
Sierra Nevada College,Nevada,54000,95500
University of Nevada-Reno,Nevada,52700,95000
University of Nevada-Las Vegas,Nevada,50400,90400
Dartmouth College,New-Hampshire,71500,130900
Saint Anselm College,New-Hampshire,56400,100300
University of New Hampshire-Main Campus,New-Hampshire,54300,100300
University of New Hampshire at Manchester,New-Hampshire,51900,90900
Thomas More College of Liberal Arts,New-Hampshire,48900,88300
New England College,New-Hampshire,45700,86400
Franklin Pierce University,New-Hampshire,47800,85600
Rivier University,New-Hampshire,49500,85100
Colby-Sawyer College,New-Hampshire,46400,83700
Keene State College,New-Hampshire,48900,83600
Southern New Hampshire University,New-Hampshire,47400,83400
Plymouth State University,New-Hampshire,47000,82200
Granite State College,New-Hampshire,43500,76900
Stevens Institute of Technology,New-Jersey,75100,139900
Princeton University,New-Jersey,75200,139400
New Jersey Institute of Technology,New-Jersey,64600,121300
Rutgers University-New Brunswick,New-Jersey,59800,111000
Seton Hall University,New-Jersey,57100,103800
Rutgers University-Newark,New-Jersey,57900,101800
The College of New Jersey,New-Jersey,58200,101800
Rider University,New-Jersey,51600,99000
Fairleigh Dickinson University-Florham Campus,New-Jersey,53700,98500
Fairleigh Dickinson University-Florham Campus,New-Jersey,53700,98500
Felician University,New-Jersey,53200,98200
Saint Peter's University,New-Jersey,52900,95900
Thomas Edison State University,New-Jersey,52500,95600
Montclair State University,New-Jersey,50800,95400
Ramapo College of New Jersey,New-Jersey,51600,95200
Drew University,New-Jersey,52800,95000
Rutgers University-Camden,New-Jersey,51100,93900
Monmouth University,New-Jersey,52200,93200
Fairleigh Dickinson University-Metropolitan Campus,New-Jersey,50800,93000
Rowan University,New-Jersey,51100,91200
William Paterson University of New Jersey,New-Jersey,50500,90200
Kean University,New-Jersey,48200,90000
Bloomfield College,New-Jersey,48400,89100
New Jersey City University,New-Jersey,48700,87600
Stockton University,New-Jersey,47400,85800
New Mexico Institute of Mining and Technology,New-Mexico,64700,120400
New Mexico State University-Main Campus,New-Mexico,50400,96700
University of New Mexico-Main Campus,New-Mexico,48400,94000
Eastern New Mexico University-Main Campus,New-Mexico,44500,80500
Western New Mexico University,New-Mexico,41700,76700
New Mexico Highlands University,New-Mexico,40400,73800
Albany College of Pharmacy and Health Sciences,New-York,81000,144800
United States Military Academy,New-York,80200,144000
Webb Institute,New-York,80800,141800
United States Merchant Marine Academy,New-York,80600,140700
SUNY Maritime College,New-York,74900,140700
Rensselaer Polytechnic Institute,New-York,71300,134100
Colgate University,New-York,68400,130600
Clarkson University,New-York,66400,130100
Cornell University,New-York,70100,128200
Columbia University in the City of New York,New-York,71400,126800
Cooper Union for the Advancement of Science and Art,New-York,68500,126200
Manhattan College,New-York,64000,125700
New York University,New-York,63100,117700
Union College (New York),New-York,63300,117500
Yeshiva University,New-York,63500,112800
University of Rochester,New-York,61100,112700
Fordham University,New-York,58700,112500
Hofstra University,New-York,57300,110400
Barnard College,New-York,59200,109800
Binghamton University,New-York,61300,109600
SUNY Downstate Medical Center,New-York,64000,109300
Hobart William Smith Colleges,New-York,56500,108500
Hamilton College,New-York,62600,108100
Pace University-New York,New-York,59800,107800
Stony Brook University,New-York,59200,107800
Duke University,North-Carolina,71100,132100
Wake Forest University,North-Carolina,60700,114800
Davidson College,North-Carolina,57300,106900
North Carolina State University at Raleigh,North-Carolina,57300,106500
University of North Carolina at Chapel Hill,North-Carolina,55000,100800
Elon University,North-Carolina,53600,93700
North Carolina A & T State University,North-Carolina,52600,93400
University of North Carolina at Charlotte,North-Carolina,52500,92600
Queens University of Charlotte,North-Carolina,49400,86600
Lenoir-Rhyne University,North-Carolina,46400,86300
East Carolina University,North-Carolina,48400,85400
High Point University,North-Carolina,48600,84300
Johnson C Smith University,North-Carolina,45700,83300
Belmont Abbey College,North-Carolina,46700,82900
Appalachian State University,North-Carolina,46600,82700
Campbell University,North-Carolina,46300,82400
University of North Carolina School of the Arts,North-Carolina,46400,82400
John Wesley University,North-Carolina,45100,82100
University of North Carolina Wilmington,North-Carolina,46400,80500
Methodist University,North-Carolina,45800,80500
North Carolina Wesleyan College,North-Carolina,45300,78800
Catawba College,North-Carolina,42500,78100
Pfeiffer University,North-Carolina,44200,78000
Barton College,North-Carolina,42400,77900
Western Carolina University,North-Carolina,44700,77700
North Dakota State University-Main Campus,North-Dakota,54200,98600
University of North Dakota,North-Dakota,53800,96000
University of Jamestown,North-Dakota,47600,85400
Mayville State University,North-Dakota,43700,81300
Dickinson State University,North-Dakota,46400,81200
University of Mary,North-Dakota,46400,79100
Minot State University,North-Dakota,44500,74100
Valley City State University,North-Dakota,39900,68600
Trinity Bible College and Graduate School,North-Dakota,34100,61300
Case Western Reserve University,Ohio,66600,117800
Miami University-Oxford,Ohio,57200,107300
Wittenberg University,Ohio,52400,105400
University of Dayton,Ohio,57400,105000
Denison University,Ohio,54400,104800
Ohio Northern University,Ohio,54400,103900
Kenyon College,Ohio,55000,103800
Mount Carmel College of Nursing,Ohio,56600,99700
Ohio Wesleyan University,Ohio,51300,99200
Ohio State University-Main Campus,Ohio,55300,98600
John Carroll University,Ohio,51600,97300
University of Cincinnati-Main Campus,Ohio,53600,97300
Oberlin College,Ohio,53100,96800
Kettering College,Ohio,54300,95800
Marietta College,Ohio,51200,94300
Xavier University,Ohio,51800,94000
Ohio University-Main Campus,Ohio,51400,93300
University of Toledo,Ohio,51800,92500
The College of Wooster,Ohio,49200,91300
University of Akron Main Campus,Ohio,50700,89200
Cleveland State University,Ohio,48300,88600
University of Mount Union,Ohio,48300,88500
The University of Findlay,Ohio,49100,87900
Wright State University-Main Campus,Ohio,50300,87800
Bowling Green State University-Main Campus,Ohio,47200,87500
University of Tulsa,Oklahoma,58700,107200
University of Oklahoma-Health Sciences Center,Oklahoma,57100,102100
University of Oklahoma-Norman Campus,Oklahoma,54400,100600
Oklahoma State University-Main Campus,Oklahoma,52800,98600
Oklahoma State University Institute of Technology,Oklahoma,52600,92300
Southwestern Oklahoma State University,Oklahoma,47900,90800
Oklahoma City University,Oklahoma,47700,87900
Oklahoma Christian University,Oklahoma,49700,87900
Oral Roberts University,Oklahoma,45900,85100
University of Central Oklahoma,Oklahoma,45300,82900
Langston University,Oklahoma,46500,81500
Cameron University,Oklahoma,43900,81500
Southern Nazarene University,Oklahoma,46100,81000
Southeastern Oklahoma State University,Oklahoma,45000,80500
Oklahoma Wesleyan University,Oklahoma,43300,78700
Northeastern State University,Oklahoma,44500,77600
East Central University,Oklahoma,44700,77500
Northwestern Oklahoma State University,Oklahoma,42200,76800
Oklahoma Baptist University,Oklahoma,43900,76600
Oklahoma Panhandle State University,Oklahoma,42300,74400
Mid-America Christian University,Oklahoma,40700,74100
Rogers State University,Oklahoma,41400,73800
University of Science and Arts of Oklahoma,Oklahoma,37300,67400
Oregon Health & Science University,Oregon,65400,108300
Oregon Institute of Technology,Oregon,61200,106800
University of Portland,Oregon,58500,104900
Reed College,Oregon,56100,104900
Oregon State University,Oregon,56200,104800
Willamette University,Oregon,52200,97700
University of Oregon,Oregon,51800,95800
Pacific University,Oregon,50200,94000
Linfield College-Online and Continuing Education,Oregon,50900,94000
Lewis & Clark College,Oregon,50000,93200
Linfield College-McMinnville Campus,Oregon,52100,92000
Portland State University,Oregon,50800,90500
George Fox University,Oregon,51200,89600
Concordia University-Portland,Oregon,48000,86100
Pacific Northwest College of Art,Oregon,46300,85000
Southern Oregon University,Oregon,46000,81200
Northwest Christian University,Oregon,45200,81100
Warner Pacific College,Oregon,45500,80500
Marylhurst University,Oregon,46200,79800
Western Oregon University,Oregon,44500,79300
Corban University,Oregon,42500,77300
Multnomah University,Oregon,40500,76400
Eastern Oregon University,Oregon,44000,73900
New Hope Christian College-Eugene,Oregon,34200,61600
Carnegie Mellon University,Pennsylvania,75900,136100
Lehigh University,Pennsylvania,69500,134100
University of Pennsylvania,Pennsylvania,72800,133900
Swarthmore College,Pennsylvania,67500,123200
Bucknell University,Pennsylvania,66700,122900
Lafayette College,Pennsylvania,66500,122500
Villanova University,Pennsylvania,65100,119500
University of the Sciences,Pennsylvania,60700,115200
Drexel University,Pennsylvania,61700,114800
Haverford College,Pennsylvania,59300,112300
Franklin and Marshall College,Pennsylvania,57200,109700
Gettysburg College,Pennsylvania,58400,109300
Pennsylvania State University-Main Campus,Pennsylvania,58500,105500
Saint Joseph's University,Pennsylvania,57300,105100
La Salle University,Pennsylvania,55800,104800
Thomas Jefferson University,Pennsylvania,63400,102500
Muhlenberg College,Pennsylvania,53400,101900
Ursinus College,Pennsylvania,54400,101800
Pennsylvania State University-Penn State Harrisburg,Pennsylvania,55000,100400
University of Pittsburgh-Pittsburgh Campus,Pennsylvania,55900,100400
Dickinson College,Pennsylvania,55800,100100
Widener University,Pennsylvania,55700,100100
University of Scranton,Pennsylvania,56400,99700
Grove City College,Pennsylvania,54400,98400
Pennsylvania State University-Penn State Erie-Behrend College,Pennsylvania,58800,97900
Brown University,Rhode-Island,68200,127600
Bryant University,Rhode-Island,60500,108600
Providence College,Rhode-Island,58900,106900
Rhode Island School of Design,Rhode-Island,55500,100600
University of Rhode Island,Rhode-Island,54500,99700
Salve Regina University,Rhode-Island,53000,93900
New England Institute of Technology,Rhode-Island,51700,93200
Roger Williams University,Rhode-Island,52900,92700
Rhode Island College,Rhode-Island,47200,83500
Johnson & Wales University-Online,Rhode-Island,46200,81600
Johnson & Wales University-Providence,Rhode-Island,46500,78900
Citadel Military College of South Carolina,South-Carolina,60400,108100
Clemson University,South-Carolina,57500,106700
Furman,South-Carolina,52100,98800
Wofford College,South-Carolina,51300,96600
Medical University of South Carolina,South-Carolina,54800,92700
University of South Carolina-Columbia,South-Carolina,50300,89900
Presbyterian College,South-Carolina,48800,89900
College of Charleston,South-Carolina,47300,85100
University of South Carolina-Upstate,South-Carolina,46000,81400
South Carolina State University,South-Carolina,44500,80800
Winthrop University,South-Carolina,44300,79700
Erskine College,South-Carolina,43500,78000
Coastal Carolina University,South-Carolina,44700,77600
Francis Marion University,South-Carolina,42900,77600
Lander University,South-Carolina,42600,77100
Limestone College,South-Carolina,42100,76500
Charleston Southern University,South-Carolina,42800,76300
University of South Carolina-Aiken,South-Carolina,41600,75100
Newberry College,South-Carolina,41200,74700
Southern Wesleyan University,South-Carolina,42900,74600
Converse College,South-Carolina,39000,71000
Anderson University (South Carolina),South-Carolina,39900,70100
Columbia College (South Carolina),South-Carolina,39200,68300
Benedict College,South-Carolina,38100,67500
Columbia International University,South-Carolina,36600,66200
South Dakota School of Mines and Technology,South-Dakota,66500,118500
South Dakota State University,South-Dakota,50500,91900
Augustana University,South-Dakota,47900,88400
University of South Dakota,South-Dakota,47500,87900
Dakota State University,South-Dakota,48400,84300
University of Sioux Falls,South-Dakota,44400,78200
Northern State University,South-Dakota,42300,77700
Mount Marty College,South-Dakota,41400,76500
Dakota Wesleyan University,South-Dakota,41800,75700
Black Hills State University,South-Dakota,40400,72600
Vanderbilt University,Tennessee,65400,119100
Sewanee-The University of the South,Tennessee,53700,97800
Rhodes College,Tennessee,51900,97800
Christian Brothers University,Tennessee,51500,96500
Baptist Memorial College of Health Sciences,Tennessee,55700,95700
Tennessee Technological University,Tennessee,53100,95100
The University of Tennessee-Knoxville,Tennessee,51200,95100
University of Memphis,Tennessee,47200,85800
Lipscomb University,Tennessee,49000,84800
Southern Adventist University,Tennessee,47500,84000
Fisk University,Tennessee,45300,83600
Union University,Tennessee,46400,83000
The University of Tennessee-Chattanooga,Tennessee,46000,82300
Trevecca Nazarene University,Tennessee,45300,81700
Middle Tennessee State University,Tennessee,46500,81100
Cumberland University,Tennessee,45500,81000
Belmont University,Tennessee,47300,80900
The University of Tennessee-Martin,Tennessee,44400,78600
Tennessee State University,Tennessee,47200,78400
Freed-Hardeman University,Tennessee,43700,78200
Austin Peay State University,Tennessee,44200,78200
East Tennessee State University,Tennessee,43700,77300
Carson-Newman University,Tennessee,42700,76500
Maryville College,Tennessee,42800,75300
Milligan College,Tennessee,41200,74900
Rice University,Texas,71000,129500
The King's University,Texas,63800,116500
Texas A&M University-College Station,Texas,60600,115700
The University of Texas at Austin,Texas,60700,112800
Southern Methodist University,Texas,59700,110400
The University of Texas Health Science Center at Houston,Texas,65400,109400
Texas Tech University,Texas,56800,106500
Texas Tech University Health Sciences Center,Texas,61300,104900
University of Houston,Texas,56000,103900
The University of Texas Medical Branch,Texas,61100,103100
Trinity University,Texas,54900,102900
Baylor University,Texas,55500,101400
Lamar University,Texas,53300,101200
The University of Texas at Dallas,Texas,57100,100900
The University of Texas Health Science Center at San Antonio,Texas,59400,100200
The University of Texas at Arlington,Texas,55400,99500
Prairie View A&M University,Texas,57800,99400
LeTourneau University,Texas,56600,98900
Texas Christian University,Texas,56000,98700
Texas A&M University-Kingsville,Texas,53100,97500
University of Dallas,Texas,53000,96400
St. Mary's University,Texas,52900,95300
University of Houston-Clear Lake,Texas,50700,94800
Amberton University,Texas,52800,93600
Southwestern University,Texas,51800,93500
Brigham Young University-Provo,Utah,59200,108000
University of Utah,Utah,54800,102600
Weber State University,Utah,53900,94000
Utah State University,Utah,52400,93900
Westminster College (Utah),Utah,51700,92200
Western Governors University,Utah,54500,91500
Utah Valley University,Utah,51100,90600
Southern Utah University,Utah,46400,84400
"Stevens-Henager College (Murray, Utah)",Utah,42400,76100
Independence University,Utah,40500,74100
Middlebury College,Vermont,60400,109800
University of Vermont,Vermont,53200,99400
Norwich University,Vermont,57000,99100
Saint Michael's College,Vermont,52900,98500
Vermont Technical College,Vermont,52400,93900
Bennington College,Vermont,48800,90000
Champlain College,Vermont,51100,88400
College of St Joseph,Vermont,47000,85000
Southern Vermont College,Vermont,42900,78700
Goddard College,Vermont,42700,76900
Castleton University,Vermont,41700,76200
Green Mountain College,Vermont,42000,75200
Lyndon State College,Vermont,41500,75100
Johnson State College,Vermont,39500,72100
Washington and Lee University,Virginia,65900,123200
Virginia Military Institute,Virginia,65900,120600
University of Virginia-Main Campus,Virginia,64500,117500
Virginia Polytechnic Institute and State University,Virginia,62700,114000
College of William and Mary,Virginia,59000,108900
Hampden-Sydney College,Virginia,58300,108600
University of Richmond,Virginia,59800,107500
George Mason University,Virginia,58900,105700
James Madison University,Virginia,57400,102600
University of Mary Washington,Virginia,54200,98200
Jefferson College of Health Sciences,Virginia,55500,97600
Marymount University,Virginia,52300,93100
Hampton University,Virginia,52700,92600
Old Dominion University,Virginia,50200,89900
Lynchburg College,Virginia,47700,89100
Virginia Commonwealth University,Virginia,49900,88200
Christopher Newport University,Virginia,50800,87200
Shenandoah University,Virginia,48700,86600
Randolph College,Virginia,47000,86100
Roanoke College,Virginia,48500,85100
Longwood University,Virginia,47300,83300
Radford University,Virginia,48900,82900
The University of Virginia's College at Wise,Virginia,46500,82600
Virginia State University,Virginia,44900,81800
Ferrum College,Virginia,43000,80600
Seattle University,Washington,60600,113700
University of Washington-Seattle Campus,Washington,61900,112300
University of Washington-Bothell Campus,Washington,60200,108000
Gonzaga University,Washington,57800,107600
Washington State University,Washington,55900,103700
Seattle Pacific University,Washington,53600,103400
Whitman College,Washington,54600,102600
University of Puget Sound,Washington,54200,101300
Western Washington University,Washington,55000,99300
Pacific Lutheran University,Washington,54500,98100
Walla Walla University,Washington,53700,97800
University of Washington-Tacoma Campus,Washington,56000,96800
City University of Seattle,Washington,51500,94600
Central Washington University,Washington,52700,93200
Saint Martin's University,Washington,53200,91800
Northwest University,Washington,50900,89000
Whitworth University,Washington,49900,88800
Bellevue College,Washington,50100,88500
Whitworth University-Adult Degree Programs,Washington,50100,88100
Eastern Washington University,Washington,49500,87500
Cornish College of the Arts,Washington,49000,86400
Bastyr University,Washington,48400,86300
The Evergreen State College,Washington,47500,83500
Clark College,Washington,43500,78400
Heritage University,Washington,41100,73600
West Virginia University Institute of Technology,West-Virginia,57100,103700
West Virginia University,West-Virginia,54400,99900
Alderson Broaddus University,West-Virginia,50600,90500
Shepherd University,West-Virginia,47100,87100
West Virginia Wesleyan College,West-Virginia,47000,85200
Bethany College (West Virginia),West-Virginia,46000,84900
Wheeling Jesuit University,West-Virginia,44800,83400
University of Charleston,West-Virginia,44600,81900
Marshall University,West-Virginia,45000,79700
West Liberty University,West-Virginia,42500,77000
Davis & Elkins College,West-Virginia,41100,76500
West Virginia State University,West-Virginia,41800,76000
Concord University,West-Virginia,41700,75800
Fairmont State University,West-Virginia,42900,74100
Bluefield State College,West-Virginia,43200,72800
Ohio Valley University,West-Virginia,38800,71100
Glenville State College,West-Virginia,37400,67700
West Virginia University at Parkersburg,West-Virginia,36700,65200
Milwaukee School of Engineering,Wisconsin,65700,117600
Marquette University,Wisconsin,57800,105900
University of Wisconsin-Madison,Wisconsin,57300,104400
University of Wisconsin-Platteville,Wisconsin,56800,100300
Lawrence University,Wisconsin,51500,98800
Bellin College,Wisconsin,55800,97600
University of Wisconsin-Eau Claire,Wisconsin,52100,93600
Marian University (Wisconsin),Wisconsin,46500,90800
University of Wisconsin-Milwaukee,Wisconsin,50600,90300
Ripon College,Wisconsin,46300,89600
University of Wisconsin-Stout,Wisconsin,50400,89500
University of Wisconsin-Whitewater,Wisconsin,48900,89300
Saint Norbert College,Wisconsin,49300,88700
University of Wisconsin-La Crosse,Wisconsin,49600,88300
Edgewood College,Wisconsin,49500,87500
Carroll University,Wisconsin,45600,86500
Beloit College,Wisconsin,47400,85700
Carthage College,Wisconsin,48900,85400
University of Wisconsin-Oshkosh,Wisconsin,47700,84300
Cardinal Stritch University,Wisconsin,47000,82500
Wisconsin Lutheran College,Wisconsin,46200,82500
Viterbo University,Wisconsin,46800,81900
Concordia University-Wisconsin,Wisconsin,46700,81600
University of Wisconsin-Parkside,Wisconsin,46000,81400
University of Wisconsin-River Falls,Wisconsin,47100,81300
University of Wyoming,Wyoming,52400,98800
